{
  "ca_mode": "hard",
  "ca_threshold": 70.0,
  "n_proteins": 217,
  "mean_spearman": 0.5176670484703445,
  "median_spearman": 0.5259272591059909,
  "spearman_95ci": [
    0.4943668897500803,
    0.5395607740499949
  ],
  "mean_ndcg": 0.8728018445669897,
  "mean_top_recall_10pct": 0.2393500966996194,
  "stratified_by_plddt": {
    "Q1": {
      "lo": 38.99436950683594,
      "hi": 82.80970764160156,
      "n": 53,
      "mean_spearman": 0.43098692676882705
    },
    "Q2": {
      "lo": 82.80970764160156,
      "hi": 91.02559661865234,
      "n": 55,
      "mean_spearman": 0.49653307443395955
    },
    "Q3": {
      "lo": 91.02559661865234,
      "hi": 94.32962036132812,
      "n": 54,
      "mean_spearman": 0.5656965958958897
    },
    "Q4": {
      "lo": 94.32962036132812,
      "hi": 97.90198516845703,
      "n": 55,
      "mean_spearman": 0.5751728568558384
    }
  }
}