{
  "ca_mode": "none",
  "ca_threshold": 70.0,
  "n_proteins": 217,
  "mean_spearman": 0.5225210230320781,
  "median_spearman": 0.5327491232769205,
  "spearman_95ci": [
    0.49978694717254424,
    0.5448434313072537
  ],
  "mean_ndcg": 0.873592180757004,
  "mean_top_recall_10pct": 0.24286430815107526,
  "stratified_by_plddt": {
    "Q1": {
      "lo": 38.99436950683594,
      "hi": 82.80970764160156,
      "n": 53,
      "mean_spearman": 0.4489752219720867
    },
    "Q2": {
      "lo": 82.80970764160156,
      "hi": 91.02559661865234,
      "n": 55,
      "mean_spearman": 0.4981688110967567
    },
    "Q3": {
      "lo": 91.02559661865234,
      "hi": 94.32962036132812,
      "n": 54,
      "mean_spearman": 0.5666623069306029
    },
    "Q4": {
      "lo": 94.32962036132812,
      "hi": 97.90198516845703,
      "n": 55,
      "mean_spearman": 0.5744059281612035
    }
  }
}