{
  "ca_mode": "hard",
  "ca_threshold": 50.0,
  "n_proteins": 217,
  "mean_spearman": 0.5203020361464327,
  "median_spearman": 0.5315573781023827,
  "spearman_95ci": [
    0.49816248337583763,
    0.5416701967860583
  ],
  "mean_ndcg": 0.8735454784962255,
  "mean_top_recall_10pct": 0.2411807766740956,
  "stratified_by_plddt": {
    "Q1": {
      "lo": 38.99436950683594,
      "hi": 82.80970764160156,
      "n": 53,
      "mean_spearman": 0.44178961347645435
    },
    "Q2": {
      "lo": 82.80970764160156,
      "hi": 91.02559661865234,
      "n": 55,
      "mean_spearman": 0.49710962311506046
    },
    "Q3": {
      "lo": 91.02559661865234,
      "hi": 94.32962036132812,
      "n": 54,
      "mean_spearman": 0.5657778782705416
    },
    "Q4": {
      "lo": 94.32962036132812,
      "hi": 97.90198516845703,
      "n": 55,
      "mean_spearman": 0.5745028660288406
    }
  }
}