{
  "ca_mode": "gate",
  "ca_threshold": 70.0,
  "n_proteins": 217,
  "mean_spearman": 0.5218192236478444,
  "median_spearman": 0.5361898022766093,
  "spearman_95ci": [
    0.4991885050835404,
    0.5441562029225363
  ],
  "mean_ndcg": 0.8734764492374476,
  "mean_top_recall_10pct": 0.24202046911621627,
  "stratified_by_plddt": {
    "Q1": {
      "lo": 38.99436950683594,
      "hi": 82.80970764160156,
      "n": 53,
      "mean_spearman": 0.44779918968566
    },
    "Q2": {
      "lo": 82.80970764160156,
      "hi": 91.02559661865234,
      "n": 55,
      "mean_spearman": 0.49688092981408133
    },
    "Q3": {
      "lo": 91.02559661865234,
      "hi": 94.32962036132812,
      "n": 54,
      "mean_spearman": 0.5654045670813533
    },
    "Q4": {
      "lo": 94.32962036132812,
      "hi": 97.90198516845703,
      "n": 55,
      "mean_spearman": 0.5752930312013583
    }
  }
}