{
  "method": "Stacked Ensemble (ProSST-{128,512,2048} + seq-null + ESM-2-650M)",
  "n_proteins": 214,
  "single_channel_spearman": {
    "d_128": 0.48682911727757716,
    "d_512": 0.49029193695399387,
    "d_2048": 0.5248112624300149,
    "d_seq": 0.18051175590886953,
    "d_esm": 0.4417722272873122
  },
  "oracle_weights": {
    "d_128": 0.21149373388530784,
    "d_512": 0.21551175560847774,
    "d_2048": 0.34711460931916505,
    "d_seq": 0.0,
    "d_esm": 0.22587990118704926
  },
  "oracle_spearman": 0.5574036398851425,
  "cv_mean_spearman": 0.5569145189398604,
  "cv_median_spearman": 0.5728431103334282,
  "cv_spearman_95ci": [
    0.5349812211866097,
    0.5779657233126426
  ],
  "stratified_by_plddt": {
    "Q1": {
      "lo": 38.99436950683594,
      "hi": 83.21932983398438,
      "n": 53,
      "mean_spearman": 0.49184492045703054
    },
    "Q2": {
      "lo": 83.21932983398438,
      "hi": 91.20135498046875,
      "n": 54,
      "mean_spearman": 0.5336827659849521
    },
    "Q3": {
      "lo": 91.20135498046875,
      "hi": 94.34086990356445,
      "n": 53,
      "mean_spearman": 0.6027104226999352
    },
    "Q4": {
      "lo": 94.34086990356445,
      "hi": 97.90198516845703,
      "n": 54,
      "mean_spearman": 0.5990630463448803
    }
  },
  "fold_choices": [
    {
      "fold": 0,
      "weights": {
        "d_128": 0.21038825111501774,
        "d_512": 0.2528951716271599,
        "d_2048": 0.3291272880230526,
        "d_seq": 0.0,
        "d_esm": 0.20758928923476977
      },
      "train_rho": 0.5680073362628558,
      "n_train": 171,
      "n_test": 43
    },
    {
      "fold": 1,
      "weights": {
        "d_128": 0.23258375809174542,
        "d_512": 0.18740498305798475,
        "d_2048": 0.3552933642769717,
        "d_seq": 0.0,
        "d_esm": 0.22471789457329808
      },
      "train_rho": 0.5517383271535918,
      "n_train": 171,
      "n_test": 43
    },
    {
      "fold": 2,
      "weights": {
        "d_128": 0.2092729922108954,
        "d_512": 0.20916784319859813,
        "d_2048": 0.342663894488777,
        "d_seq": 0.0,
        "d_esm": 0.2388952701017295
      },
      "train_rho": 0.5525887133312273,
      "n_train": 171,
      "n_test": 43
    },
    {
      "fold": 3,
      "weights": {
        "d_128": 0.22197127050480375,
        "d_512": 0.19330282216307448,
        "d_2048": 0.35820454543266617,
        "d_seq": 0.0,
        "d_esm": 0.22652136189945565
      },
      "train_rho": 0.5525165134423902,
      "n_train": 171,
      "n_test": 43
    },
    {
      "fold": 4,
      "weights": {
        "d_128": 0.22137719781706472,
        "d_512": 0.21833601338739606,
        "d_2048": 0.33555221262947327,
        "d_seq": 0.0,
        "d_esm": 0.224734576166066
      },
      "train_rho": 0.5623185559443868,
      "n_train": 172,
      "n_test": 42
    }
  ]
}