{
  "ca_mode": "soft",
  "ca_threshold": 70.0,
  "n_proteins": 217,
  "mean_spearman": 0.5202563052822254,
  "median_spearman": 0.5305671504886598,
  "spearman_95ci": [
    0.49758374249419474,
    0.5420436955062825
  ],
  "mean_ndcg": 0.8733536559756758,
  "mean_top_recall_10pct": 0.241165565267052,
  "stratified_by_plddt": {
    "Q1": {
      "lo": 38.99436950683594,
      "hi": 82.80970764160156,
      "n": 53,
      "mean_spearman": 0.442705203055688
    },
    "Q2": {
      "lo": 82.80970764160156,
      "hi": 91.02559661865234,
      "n": 55,
      "mean_spearman": 0.49536782138221647
    },
    "Q3": {
      "lo": 91.02559661865234,
      "hi": 94.32962036132812,
      "n": 54,
      "mean_spearman": 0.5661582747603826
    },
    "Q4": {
      "lo": 94.32962036132812,
      "hi": 97.90198516845703,
      "n": 55,
      "mean_spearman": 0.5748084631128887
    }
  }
}