{
  "ca_mode": "hard",
  "ca_threshold": 90.0,
  "n_proteins": 217,
  "mean_spearman": 0.48321342608850676,
  "median_spearman": 0.49665361697501964,
  "spearman_95ci": [
    0.45894787444501806,
    0.5066168823657172
  ],
  "mean_ndcg": 0.8687535894268988,
  "mean_top_recall_10pct": 0.22673793854071814,
  "stratified_by_plddt": {
    "Q1": {
      "lo": 38.99436950683594,
      "hi": 82.80970764160156,
      "n": 53,
      "mean_spearman": 0.36454746444914227
    },
    "Q2": {
      "lo": 82.80970764160156,
      "hi": 91.02559661865234,
      "n": 55,
      "mean_spearman": 0.4369523689352796
    },
    "Q3": {
      "lo": 91.02559661865234,
      "hi": 94.32962036132812,
      "n": 54,
      "mean_spearman": 0.5541239296177123
    },
    "Q4": {
      "lo": 94.32962036132812,
      "hi": 97.90198516845703,
      "n": 55,
      "mean_spearman": 0.5742040973564467
    }
  }
}